"hu","hv","omega","h","vtkValidPointMask","arc_length","Points:0","Points:1","Points:2"
-0.00013687,-0.00013687,-4.6082e-020,1.5157,1,0,49.5,49.5,-1
-1.2563e-005,-1.2563e-005,1.0377e-006,1.5157,1,0.00099999,49.5,49.5,-0.999
0.00011174,0.00011174,2.0753e-006,1.5157,1,0.002,49.5,49.5,-0.998
0.00023606,0.00023606,3.113e-006,1.5157,1,0.003,49.5,49.5,-0.997
0.00036037,0.00036037,4.1507e-006,1.5157,1,0.004,49.5,49.5,-0.996
0.00048468,0.00048468,5.1884e-006,1.5157,1,0.005,49.5,49.5,-0.995
0.00060898,0.00060898,6.226e-006,1.5157,1,0.006,49.5,49.5,-0.994
0.0007333,0.0007333,7.2637e-006,1.5157,1,0.007,49.5,49.5,-0.993
0.00085761,0.00085761,8.3014e-006,1.5157,1,0.008,49.5,49.5,-0.992
0.00098192,0.00098192,9.3391e-006,1.5157,1,0.009,49.5,49.5,-0.991
0.0011062,0.0011062,1.0377e-005,1.5157,1,0.01,49.5,49.5,-0.99
0.0012305,0.0012305,1.1414e-005,1.5157,1,0.011,49.5,49.5,-0.989
0.0013548,0.0013548,1.2452e-005,1.5157,1,0.012,49.5,49.5,-0.988
0.0014792,0.0014792,1.349e-005,1.5157,1,0.013,49.5,49.5,-0.987
0.0016035,0.0016035,1.4527e-005,1.5157,1,0.014,49.5,49.5,-0.986
0.0017278,0.0017278,1.5565e-005,1.5157,1,0.015,49.5,49.5,-0.985
0.0018521,0.0018521,1.6603e-005,1.5157,1,0.016,49.5,49.5,-0.984
0.0019764,0.0019764,1.764e-005,1.5157,1,0.017,49.5,49.5,-0.983
0.0021007,0.0021007,1.8678e-005,1.5157,1,0.018,49.5,49.5,-0.982
0.002225,0.002225,1.9716e-005,1.5157,1,0.019,49.5,49.5,-0.981
0.0023493,0.0023493,2.0753e-005,1.5157,1,0.02,49.5,49.5,-0.98
0.0024736,0.0024736,2.1791e-005,1.5157,1,0.021,49.5,49.5,-0.979
0.0025979,0.0025979,2.2829e-005,1.5157,1,0.022,49.5,49.5,-0.978
0.0027222,0.0027222,2.3866e-005,1.5157,1,0.023,49.5,49.5,-0.977
0.0028466,0.0028466,2.4904e-005,1.5157,1,0.024,49.5,49.5,-0.976
0.0029709,0.0029709,2.5942e-005,1.5157,1,0.025,49.5,49.5,-0.975
0.0030952,0.0030952,2.698e-005,1.5157,1,0.026,49.5,49.5,-0.974
0.0032195,0.0032195,2.8017e-005,1.5157,1,0.027,49.5,49.5,-0.973
0.0033438,0.0033438,2.9055e-005,1.5157,1,0.028,49.5,49.5,-0.972
0.0034681,0.0034681,3.0093e-005,1.5157,1,0.029,49.5,49.5,-0.971
0.0035924,0.0035924,3.113e-005,1.5157,1,0.03,49.5,49.5,-0.97
0.0037167,0.0037167,3.2168e-005,1.5157,1,0.031,49.5,49.5,-0.969
0.003841,0.003841,3.3206e-005,1.5157,1,0.032,49.5,49.5,-0.968
0.0039653,0.0039653,3.4243e-005,1.5157,1,0.033,49.5,49.5,-0.967
0.0040897,0.0040897,3.5281e-005,1.5157,1,0.034,49.5,49.5,-0.966
0.004214,0.004214,3.6319e-005,1.5157,1,0.035,49.5,49.5,-0.965
0.0043383,0.0043383,3.7356e-005,1.5157,1,0.036,49.5,49.5,-0.964
0.0044626,0.0044626,3.8394e-005,1.5157,1,0.037,49.5,49.5,-0.963
0.0045869,0.0045869,3.9432e-005,1.5157,1,0.038,49.5,49.5,-0.962
0.0047112,0.0047112,4.0469e-005,1.5157,1,0.039,49.5,49.5,-0.961
0.0048355,0.0048355,4.1507e-005,1.5157,1,0.04,49.5,49.5,-0.96
0.0049598,0.0049598,4.2545e-005,1.5157,1,0.041,49.5,49.5,-0.959
0.0050841,0.0050841,4.3582e-005,1.5157,1,0.042,49.5,49.5,-0.958
0.0052084,0.0052084,4.462e-005,1.5157,1,0.043,49.5,49.5,-0.957
0.0053328,0.0053328,4.5658e-005,1.5157,1,0.044,49.5,49.5,-0.956
0.0054571,0.0054571,4.6695e-005,1.5157,1,0.045,49.5,49.5,-0.955
0.0055814,0.0055814,4.7733e-005,1.5157,1,0.046,49.5,49.5,-0.954
0.0057057,0.0057057,4.8771e-005,1.5157,1,0.047,49.5,49.5,-0.953
0.00583,0.00583,4.9808e-005,1.5157,1,0.048,49.5,49.5,-0.952
0.0059543,0.0059543,5.0846e-005,1.5157,1,0.049,49.5,49.5,-0.951
0.0060786,0.0060786,5.1884e-005,1.5157,1,0.05,49.5,49.5,-0.95
0.0062029,0.0062029,5.2921e-005,1.5157,1,0.051,49.5,49.5,-0.949
0.0063272,0.0063272,5.3959e-005,1.5157,1,0.052,49.5,49.5,-0.948
0.0064515,0.0064515,5.4997e-005,1.5157,1,0.053,49.5,49.5,-0.947
0.0065758,0.0065758,5.6034e-005,1.5157,1,0.054,49.5,49.5,-0.946
0.0067002,0.0067002,5.7072e-005,1.5157,1,0.055,49.5,49.5,-0.945
0.0068245,0.0068245,5.811e-005,1.5157,1,0.056,49.5,49.5,-0.944
0.0069488,0.0069488,5.9147e-005,1.5157,1,0.057,49.5,49.5,-0.943
0.0070731,0.0070731,6.0185e-005,1.5157,1,0.058,49.5,49.5,-0.942
0.0071974,0.0071974,6.1223e-005,1.5157,1,0.059,49.5,49.5,-0.941
0.0073217,0.0073217,6.226e-005,1.5157,1,0.06,49.5,49.5,-0.94
0.007446,0.007446,6.3298e-005,1.5157,1,0.061,49.5,49.5,-0.939
0.0075703,0.0075703,6.4336e-005,1.5157,1,0.062,49.5,49.5,-0.938
0.0076946,0.0076946,6.5373e-005,1.5157,1,0.063,49.5,49.5,-0.937
0.0078189,0.0078189,6.6411e-005,1.5157,1,0.064,49.5,49.5,-0.936
0.0079432,0.0079432,6.7449e-005,1.5157,1,0.065,49.5,49.5,-0.935
0.0080676,0.0080676,6.8486e-005,1.5157,1,0.066,49.5,49.5,-0.934
0.0081919,0.0081919,6.9524e-005,1.5157,1,0.067,49.5,49.5,-0.933
0.0083162,0.0083162,7.0562e-005,1.5157,1,0.068,49.5,49.5,-0.932
0.0084405,0.0084405,7.1599e-005,1.5157,1,0.069,49.5,49.5,-0.931
0.0085648,0.0085648,7.2637e-005,1.5157,1,0.07,49.5,49.5,-0.93
0.0086891,0.0086891,7.3675e-005,1.5157,1,0.071,49.5,49.5,-0.929
0.0088134,0.0088134,7.4712e-005,1.5157,1,0.072,49.5,49.5,-0.928
0.0089377,0.0089377,7.575e-005,1.5157,1,0.073,49.5,49.5,-0.927
0.009062,0.009062,7.6788e-005,1.5157,1,0.074,49.5,49.5,-0.926
0.0091863,0.0091863,7.7825e-005,1.5157,1,0.075,49.5,49.5,-0.925
0.0093106,0.0093106,7.8863e-005,1.5157,1,0.076,49.5,49.5,-0.924
0.009435,0.009435,7.9901e-005,1.5157,1,0.077,49.5,49.5,-0.923
0.0095593,0.0095593,8.0939e-005,1.5157,1,0.078,49.5,49.5,-0.922
0.0096836,0.0096836,8.1976e-005,1.5157,1,0.079,49.5,49.5,-0.921
0.0098079,0.0098079,8.3014e-005,1.5157,1,0.08,49.5,49.5,-0.92
0.0099322,0.0099322,8.4051e-005,1.5157,1,0.081,49.5,49.5,-0.919
0.010057,0.010057,8.5089e-005,1.5157,1,0.082,49.5,49.5,-0.918
0.010181,0.010181,8.6127e-005,1.5157,1,0.083,49.5,49.5,-0.917
0.010305,0.010305,8.7165e-005,1.5157,1,0.084,49.5,49.5,-0.916
0.010429,0.010429,8.8202e-005,1.5157,1,0.085,49.5,49.5,-0.915
0.010554,0.010554,8.924e-005,1.5157,1,0.086,49.5,49.5,-0.914
0.010678,0.010678,9.0278e-005,1.5157,1,0.087,49.5,49.5,-0.913
0.010802,0.010802,9.1315e-005,1.5157,1,0.088,49.5,49.5,-0.912
0.010927,0.010927,9.2353e-005,1.5157,1,0.089,49.5,49.5,-0.911
0.011051,0.011051,9.3391e-005,1.5157,1,0.09,49.5,49.5,-0.91
0.011175,0.011175,9.4428e-005,1.5157,1,0.091,49.5,49.5,-0.909
0.0113,0.0113,9.5466e-005,1.5157,1,0.092,49.5,49.5,-0.908
0.011424,0.011424,9.6504e-005,1.5157,1,0.093,49.5,49.5,-0.907
0.011548,0.011548,9.7541e-005,1.5157,1,0.094,49.5,49.5,-0.906
0.011673,0.011673,9.8579e-005,1.5157,1,0.095,49.5,49.5,-0.905
0.011797,0.011797,9.9617e-005,1.5157,1,0.096,49.5,49.5,-0.904
0.011921,0.011921,0.00010065,1.5157,1,0.097,49.5,49.5,-0.903
0.012045,0.012045,0.00010169,1.5157,1,0.098,49.5,49.5,-0.902
0.01217,0.01217,0.00010273,1.5157,1,0.099,49.5,49.5,-0.901
0.012294,0.012294,0.00010377,1.5157,1,0.1,49.5,49.5,-0.9
0.012418,0.012418,0.00010481,1.5157,1,0.101,49.5,49.5,-0.899
0.012543,0.012543,0.00010584,1.5157,1,0.102,49.5,49.5,-0.898
0.012667,0.012667,0.00010688,1.5157,1,0.103,49.5,49.5,-0.897
0.012791,0.012791,0.00010792,1.5157,1,0.104,49.5,49.5,-0.896
0.012916,0.012916,0.00010896,1.5157,1,0.105,49.5,49.5,-0.895
0.01304,0.01304,0.00010999,1.5157,1,0.106,49.5,49.5,-0.894
0.013164,0.013164,0.00011103,1.5157,1,0.107,49.5,49.5,-0.893
0.013289,0.013289,0.00011207,1.5157,1,0.108,49.5,49.5,-0.892
0.013413,0.013413,0.00011311,1.5157,1,0.109,49.5,49.5,-0.891
0.013537,0.013537,0.00011414,1.5157,1,0.11,49.5,49.5,-0.89
0.013661,0.013661,0.00011518,1.5157,1,0.111,49.5,49.5,-0.889
0.013786,0.013786,0.00011622,1.5157,1,0.112,49.5,49.5,-0.888
0.01391,0.01391,0.00011726,1.5157,1,0.113,49.5,49.5,-0.887
0.014034,0.014034,0.00011829,1.5157,1,0.114,49.5,49.5,-0.886
0.014159,0.014159,0.00011933,1.5157,1,0.115,49.5,49.5,-0.885
0.014283,0.014283,0.00012037,1.5157,1,0.116,49.5,49.5,-0.884
0.014407,0.014407,0.00012141,1.5157,1,0.117,49.5,49.5,-0.883
0.014532,0.014532,0.00012245,1.5157,1,0.118,49.5,49.5,-0.882
0.014656,0.014656,0.00012348,1.5157,1,0.119,49.5,49.5,-0.881
0.01478,0.01478,0.00012452,1.5157,1,0.12,49.5,49.5,-0.88
0.014905,0.014905,0.00012556,1.5157,1,0.121,49.5,49.5,-0.879
0.015029,0.015029,0.0001266,1.5157,1,0.122,49.5,49.5,-0.878
0.015153,0.015153,0.00012763,1.5157,1,0.123,49.5,49.5,-0.877
0.015278,0.015278,0.00012867,1.5157,1,0.124,49.5,49.5,-0.876
0.015402,0.015402,0.00012971,1.5157,1,0.125,49.5,49.5,-0.875
0.015526,0.015526,0.00013075,1.5157,1,0.126,49.5,49.5,-0.874
0.01565,0.01565,0.00013178,1.5157,1,0.127,49.5,49.5,-0.873
0.015775,0.015775,0.00013282,1.5157,1,0.128,49.5,49.5,-0.872
0.015899,0.015899,0.00013386,1.5157,1,0.129,49.5,49.5,-0.871
0.016023,0.016023,0.0001349,1.5157,1,0.13,49.5,49.5,-0.87
0.016148,0.016148,0.00013594,1.5157,1,0.131,49.5,49.5,-0.869
0.016272,0.016272,0.00013697,1.5157,1,0.132,49.5,49.5,-0.868
0.016396,0.016396,0.00013801,1.5157,1,0.133,49.5,49.5,-0.867
0.016521,0.016521,0.00013905,1.5157,1,0.134,49.5,49.5,-0.866
0.016645,0.016645,0.00014009,1.5157,1,0.135,49.5,49.5,-0.865
0.016769,0.016769,0.00014112,1.5157,1,0.136,49.5,49.5,-0.864
0.016894,0.016894,0.00014216,1.5157,1,0.137,49.5,49.5,-0.863
0.017018,0.017018,0.0001432,1.5157,1,0.138,49.5,49.5,-0.862
0.017142,0.017142,0.00014424,1.5157,1,0.139,49.5,49.5,-0.861
0.017266,0.017266,0.00014527,1.5157,1,0.14,49.5,49.5,-0.86
0.017391,0.017391,0.00014631,1.5157,1,0.141,49.5,49.5,-0.859
0.017515,0.017515,0.00014735,1.5157,1,0.142,49.5,49.5,-0.858
0.017639,0.017639,0.00014839,1.5157,1,0.143,49.5,49.5,-0.857
0.017764,0.017764,0.00014942,1.5157,1,0.144,49.5,49.5,-0.856
0.017888,0.017888,0.00015046,1.5157,1,0.145,49.5,49.5,-0.855
0.018012,0.018012,0.0001515,1.5157,1,0.146,49.5,49.5,-0.854
0.018137,0.018137,0.00015254,1.5157,1,0.147,49.5,49.5,-0.853
0.018261,0.018261,0.00015358,1.5157,1,0.148,49.5,49.5,-0.852
0.018385,0.018385,0.00015461,1.5157,1,0.149,49.5,49.5,-0.851
0.01851,0.01851,0.00015565,1.5157,1,0.15,49.5,49.5,-0.85
0.018634,0.018634,0.00015669,1.5157,1,0.151,49.5,49.5,-0.849
0.018758,0.018758,0.00015773,1.5157,1,0.152,49.5,49.5,-0.848
0.018882,0.018882,0.00015876,1.5157,1,0.153,49.5,49.5,-0.847
0.019007,0.019007,0.0001598,1.5157,1,0.154,49.5,49.5,-0.846
0.019131,0.019131,0.00016084,1.5157,1,0.155,49.5,49.5,-0.845
0.019255,0.019255,0.00016188,1.5157,1,0.156,49.5,49.5,-0.844
0.01938,0.01938,0.00016291,1.5157,1,0.157,49.5,49.5,-0.843
0.019504,0.019504,0.00016395,1.5157,1,0.158,49.5,49.5,-0.842
0.019628,0.019628,0.00016499,1.5157,1,0.159,49.5,49.5,-0.841
0.019753,0.019753,0.00016603,1.5157,1,0.16,49.5,49.5,-0.84
0.019877,0.019877,0.00016707,1.5157,1,0.161,49.5,49.5,-0.839
0.020001,0.020001,0.0001681,1.5157,1,0.162,49.5,49.5,-0.838
0.020126,0.020126,0.00016914,1.5157,1,0.163,49.5,49.5,-0.837
0.02025,0.02025,0.00017018,1.5157,1,0.164,49.5,49.5,-0.836
0.020374,0.020374,0.00017122,1.5157,1,0.165,49.5,49.5,-0.835
0.020499,0.020499,0.00017225,1.5157,1,0.166,49.5,49.5,-0.834
0.020623,0.020623,0.00017329,1.5157,1,0.167,49.5,49.5,-0.833
0.020747,0.020747,0.00017433,1.5157,1,0.168,49.5,49.5,-0.832
0.020871,0.020871,0.00017537,1.5157,1,0.169,49.5,49.5,-0.831
0.020996,0.020996,0.0001764,1.5157,1,0.17,49.5,49.5,-0.83
0.02112,0.02112,0.00017744,1.5157,1,0.171,49.5,49.5,-0.829
0.021244,0.021244,0.00017848,1.5157,1,0.172,49.5,49.5,-0.828
0.021369,0.021369,0.00017952,1.5157,1,0.173,49.5,49.5,-0.827
0.021493,0.021493,0.00018056,1.5157,1,0.174,49.5,49.5,-0.826
0.021617,0.021617,0.00018159,1.5157,1,0.175,49.5,49.5,-0.825
0.021742,0.021742,0.00018263,1.5157,1,0.176,49.5,49.5,-0.824
0.021866,0.021866,0.00018367,1.5157,1,0.177,49.5,49.5,-0.823
0.02199,0.02199,0.00018471,1.5157,1,0.178,49.5,49.5,-0.822
0.022115,0.022115,0.00018574,1.5157,1,0.179,49.5,49.5,-0.821
0.022239,0.022239,0.00018678,1.5157,1,0.18,49.5,49.5,-0.82
0.022363,0.022363,0.00018782,1.5157,1,0.181,49.5,49.5,-0.819
0.022487,0.022487,0.00018886,1.5157,1,0.182,49.5,49.5,-0.818
0.022612,0.022612,0.00018989,1.5157,1,0.183,49.5,49.5,-0.817
0.022736,0.022736,0.00019093,1.5157,1,0.184,49.5,49.5,-0.816
0.02286,0.02286,0.00019197,1.5157,1,0.185,49.5,49.5,-0.815
0.022985,0.022985,0.00019301,1.5157,1,0.186,49.5,49.5,-0.814
0.023109,0.023109,0.00019404,1.5157,1,0.187,49.5,49.5,-0.813
0.023233,0.023233,0.00019508,1.5157,1,0.188,49.5,49.5,-0.812
0.023358,0.023358,0.00019612,1.5157,1,0.189,49.5,49.5,-0.811
0.023482,0.023482,0.00019716,1.5157,1,0.19,49.5,49.5,-0.81
0.023606,0.023606,0.0001982,1.5157,1,0.191,49.5,49.5,-0.809
0.023731,0.023731,0.00019923,1.5157,1,0.192,49.5,49.5,-0.808
0.023855,0.023855,0.00020027,1.5157,1,0.193,49.5,49.5,-0.807
0.023979,0.023979,0.00020131,1.5157,1,0.194,49.5,49.5,-0.806
0.024103,0.024103,0.00020235,1.5157,1,0.195,49.5,49.5,-0.805
0.024228,0.024228,0.00020338,1.5157,1,0.196,49.5,49.5,-0.804
0.024352,0.024352,0.00020442,1.5157,1,0.197,49.5,49.5,-0.803
0.024476,0.024476,0.00020546,1.5157,1,0.198,49.5,49.5,-0.802
0.024601,0.024601,0.0002065,1.5157,1,0.199,49.5,49.5,-0.801
0.024616,0.024616,0.00020753,1.5157,1,0.2,49.5,49.5,-0.8
0.024739,0.024739,0.00020805,1.5157,1,0.201,49.5,49.5,-0.799
0.024863,0.024863,0.00020857,1.5157,1,0.202,49.5,49.5,-0.798
0.024986,0.024986,0.00020909,1.5157,1,0.203,49.5,49.5,-0.797
0.02511,0.02511,0.00020961,1.5157,1,0.204,49.5,49.5,-0.796
0.025233,0.025233,0.00021013,1.5157,1,0.205,49.5,49.5,-0.795
0.025357,0.025357,0.00021065,1.5157,1,0.206,49.5,49.5,-0.794
0.02548,0.02548,0.00021117,1.5157,1,0.207,49.5,49.5,-0.793
0.025604,0.025604,0.00021169,1.5157,1,0.208,49.5,49.5,-0.792
0.025727,0.025727,0.00021221,1.5157,1,0.209,49.5,49.5,-0.791
0.025851,0.025851,0.00021272,1.5157,1,0.21,49.5,49.5,-0.79
0.025974,0.025974,0.00021324,1.5157,1,0.211,49.5,49.5,-0.789
0.026098,0.026098,0.00021376,1.5157,1,0.212,49.5,49.5,-0.788
0.026221,0.026221,0.00021428,1.5157,1,0.213,49.5,49.5,-0.787
0.026345,0.026345,0.0002148,1.5157,1,0.214,49.5,49.5,-0.786
0.026468,0.026468,0.00021532,1.5157,1,0.215,49.5,49.5,-0.785
0.026592,0.026592,0.00021584,1.5157,1,0.216,49.5,49.5,-0.784
0.026715,0.026715,0.00021636,1.5157,1,0.217,49.5,49.5,-0.783
0.026838,0.026838,0.00021688,1.5157,1,0.218,49.5,49.5,-0.782
0.026962,0.026962,0.00021739,1.5157,1,0.219,49.5,49.5,-0.781
0.027085,0.027085,0.00021791,1.5157,1,0.22,49.5,49.5,-0.78
0.027209,0.027209,0.00021843,1.5157,1,0.221,49.5,49.5,-0.779
0.027332,0.027332,0.00021895,1.5157,1,0.222,49.5,49.5,-0.778
0.027456,0.027456,0.00021947,1.5157,1,0.223,49.5,49.5,-0.777
0.027579,0.027579,0.00021999,1.5157,1,0.224,49.5,49.5,-0.776
0.027703,0.027703,0.00022051,1.5157,1,0.225,49.5,49.5,-0.775
0.027826,0.027826,0.00022103,1.5157,1,0.226,49.5,49.5,-0.774
0.02795,0.02795,0.00022155,1.5157,1,0.227,49.5,49.5,-0.773
0.028073,0.028073,0.00022207,1.5157,1,0.228,49.5,49.5,-0.772
0.028197,0.028197,0.00022258,1.5157,1,0.229,49.5,49.5,-0.771
0.02832,0.02832,0.0002231,1.5157,1,0.23,49.5,49.5,-0.77
0.028444,0.028444,0.00022362,1.5157,1,0.231,49.5,49.5,-0.769
0.028567,0.028567,0.00022414,1.5157,1,0.232,49.5,49.5,-0.768
0.028691,0.028691,0.00022466,1.5157,1,0.233,49.5,49.5,-0.767
0.028814,0.028814,0.00022518,1.5157,1,0.234,49.5,49.5,-0.766
0.028938,0.028938,0.0002257,1.5157,1,0.235,49.5,49.5,-0.765
0.029061,0.029061,0.00022622,1.5157,1,0.236,49.5,49.5,-0.764
0.029185,0.029185,0.00022674,1.5157,1,0.237,49.5,49.5,-0.763
0.029308,0.029308,0.00022725,1.5157,1,0.238,49.5,49.5,-0.762
0.029432,0.029432,0.00022777,1.5157,1,0.239,49.5,49.5,-0.761
0.029555,0.029555,0.00022829,1.5157,1,0.24,49.5,49.5,-0.76
0.029679,0.029679,0.00022881,1.5157,1,0.241,49.5,49.5,-0.759
0.029802,0.029802,0.00022933,1.5157,1,0.242,49.5,49.5,-0.758
0.029926,0.029926,0.00022985,1.5157,1,0.243,49.5,49.5,-0.757
0.030049,0.030049,0.00023037,1.5157,1,0.244,49.5,49.5,-0.756
0.030172,0.030172,0.00023089,1.5157,1,0.245,49.5,49.5,-0.755
0.030296,0.030296,0.00023141,1.5157,1,0.246,49.5,49.5,-0.754
0.030419,0.030419,0.00023193,1.5157,1,0.247,49.5,49.5,-0.753
0.030543,0.030543,0.00023244,1.5157,1,0.248,49.5,49.5,-0.752
0.030666,0.030666,0.00023296,1.5157,1,0.249,49.5,49.5,-0.751
0.03079,0.03079,0.00023348,1.5157,1,0.25,49.5,49.5,-0.75
0.030913,0.030913,0.000234,1.5157,1,0.251,49.5,49.5,-0.749
0.031037,0.031037,0.00023452,1.5157,1,0.252,49.5,49.5,-0.748
0.03116,0.03116,0.00023504,1.5157,1,0.253,49.5,49.5,-0.747
0.031284,0.031284,0.00023556,1.5157,1,0.254,49.5,49.5,-0.746
0.031407,0.031407,0.00023608,1.5157,1,0.255,49.5,49.5,-0.745
0.031531,0.031531,0.0002366,1.5157,1,0.256,49.5,49.5,-0.744
0.031654,0.031654,0.00023711,1.5157,1,0.257,49.5,49.5,-0.743
0.031778,0.031778,0.00023763,1.5157,1,0.258,49.5,49.5,-0.742
0.031901,0.031901,0.00023815,1.5157,1,0.259,49.5,49.5,-0.741
0.032025,0.032025,0.00023867,1.5157,1,0.26,49.5,49.5,-0.74
0.032148,0.032148,0.00023919,1.5157,1,0.261,49.5,49.5,-0.739
0.032272,0.032272,0.00023971,1.5157,1,0.262,49.5,49.5,-0.738
0.032395,0.032395,0.00024023,1.5157,1,0.263,49.5,49.5,-0.737
0.032519,0.032519,0.00024075,1.5157,1,0.264,49.5,49.5,-0.736
0.032642,0.032642,0.00024127,1.5157,1,0.265,49.5,49.5,-0.735
0.032766,0.032766,0.00024179,1.5157,1,0.266,49.5,49.5,-0.734
0.032889,0.032889,0.0002423,1.5157,1,0.267,49.5,49.5,-0.733
0.033013,0.033013,0.00024282,1.5157,1,0.268,49.5,49.5,-0.732
0.033136,0.033136,0.00024334,1.5157,1,0.269,49.5,49.5,-0.731
0.03326,0.03326,0.00024386,1.5157,1,0.27,49.5,49.5,-0.73
0.033383,0.033383,0.00024438,1.5157,1,0.271,49.5,49.5,-0.729
0.033506,0.033506,0.0002449,1.5157,1,0.272,49.5,49.5,-0.728
0.03363,0.03363,0.00024542,1.5157,1,0.273,49.5,49.5,-0.727
0.033753,0.033753,0.00024594,1.5157,1,0.274,49.5,49.5,-0.726
0.033877,0.033877,0.00024646,1.5157,1,0.275,49.5,49.5,-0.725
0.034,0.034,0.00024697,1.5157,1,0.276,49.5,49.5,-0.724
0.034124,0.034124,0.00024749,1.5157,1,0.277,49.5,49.5,-0.723
0.034247,0.034247,0.00024801,1.5157,1,0.278,49.5,49.5,-0.722
0.034371,0.034371,0.00024853,1.5157,1,0.279,49.5,49.5,-0.721
0.034494,0.034494,0.00024905,1.5157,1,0.28,49.5,49.5,-0.72
0.034618,0.034618,0.00024957,1.5157,1,0.281,49.5,49.5,-0.719
0.034741,0.034741,0.00025009,1.5157,1,0.282,49.5,49.5,-0.718
0.034865,0.034865,0.00025061,1.5157,1,0.283,49.5,49.5,-0.717
0.034988,0.034988,0.00025113,1.5157,1,0.284,49.5,49.5,-0.716
0.035112,0.035112,0.00025165,1.5157,1,0.285,49.5,49.5,-0.715
0.035235,0.035235,0.00025216,1.5157,1,0.286,49.5,49.5,-0.714
0.035359,0.035359,0.00025268,1.5157,1,0.287,49.5,49.5,-0.713
0.035482,0.035482,0.0002532,1.5157,1,0.288,49.5,49.5,-0.712
0.035606,0.035606,0.00025372,1.5157,1,0.289,49.5,49.5,-0.711
0.035729,0.035729,0.00025424,1.5157,1,0.29,49.5,49.5,-0.71
0.035853,0.035853,0.00025476,1.5157,1,0.291,49.5,49.5,-0.709
0.035976,0.035976,0.00025528,1.5157,1,0.292,49.5,49.5,-0.708
0.0361,0.0361,0.0002558,1.5157,1,0.293,49.5,49.5,-0.707
0.036223,0.036223,0.00025632,1.5157,1,0.294,49.5,49.5,-0.706
0.036347,0.036347,0.00025683,1.5157,1,0.295,49.5,49.5,-0.705
0.03647,0.03647,0.00025735,1.5157,1,0.296,49.5,49.5,-0.704
0.036594,0.036594,0.00025787,1.5157,1,0.297,49.5,49.5,-0.703
0.036717,0.036717,0.00025839,1.5157,1,0.298,49.5,49.5,-0.702
0.03684,0.03684,0.00025891,1.5157,1,0.299,49.5,49.5,-0.701
0.036964,0.036964,0.00025943,1.5157,1,0.3,49.5,49.5,-0.7
0.037087,0.037087,0.00025995,1.5157,1,0.301,49.5,49.5,-0.699
0.037211,0.037211,0.00026047,1.5157,1,0.302,49.5,49.5,-0.698
0.037334,0.037334,0.00026099,1.5157,1,0.303,49.5,49.5,-0.697
0.037458,0.037458,0.00026151,1.5157,1,0.304,49.5,49.5,-0.696
0.037581,0.037581,0.00026202,1.5157,1,0.305,49.5,49.5,-0.695
0.037705,0.037705,0.00026254,1.5157,1,0.306,49.5,49.5,-0.694
0.037828,0.037828,0.00026306,1.5157,1,0.307,49.5,49.5,-0.693
0.037952,0.037952,0.00026358,1.5157,1,0.308,49.5,49.5,-0.692
0.038075,0.038075,0.0002641,1.5157,1,0.309,49.5,49.5,-0.691
0.038199,0.038199,0.00026462,1.5157,1,0.31,49.5,49.5,-0.69
0.038322,0.038322,0.00026514,1.5157,1,0.311,49.5,49.5,-0.689
0.038446,0.038446,0.00026566,1.5157,1,0.312,49.5,49.5,-0.688
0.038569,0.038569,0.00026618,1.5157,1,0.313,49.5,49.5,-0.687
0.038693,0.038693,0.00026669,1.5157,1,0.314,49.5,49.5,-0.686
0.038816,0.038816,0.00026721,1.5157,1,0.315,49.5,49.5,-0.685
0.03894,0.03894,0.00026773,1.5157,1,0.316,49.5,49.5,-0.684
0.039063,0.039063,0.00026825,1.5157,1,0.317,49.5,49.5,-0.683
0.039187,0.039187,0.00026877,1.5157,1,0.318,49.5,49.5,-0.682
0.03931,0.03931,0.00026929,1.5157,1,0.319,49.5,49.5,-0.681
0.039434,0.039434,0.00026981,1.5157,1,0.32,49.5,49.5,-0.68
0.039557,0.039557,0.00027033,1.5157,1,0.321,49.5,49.5,-0.679
0.039681,0.039681,0.00027085,1.5157,1,0.322,49.5,49.5,-0.678
0.039804,0.039804,0.00027137,1.5157,1,0.323,49.5,49.5,-0.677
0.039928,0.039928,0.00027188,1.5157,1,0.324,49.5,49.5,-0.676
0.040051,0.040051,0.0002724,1.5157,1,0.325,49.5,49.5,-0.675
0.040174,0.040174,0.00027292,1.5157,1,0.326,49.5,49.5,-0.674
0.040298,0.040298,0.00027344,1.5157,1,0.327,49.5,49.5,-0.673
0.040421,0.040421,0.00027396,1.5157,1,0.328,49.5,49.5,-0.672
0.040545,0.040545,0.00027448,1.5157,1,0.329,49.5,49.5,-0.671
0.040668,0.040668,0.000275,1.5157,1,0.33,49.5,49.5,-0.67
0.040792,0.040792,0.00027552,1.5157,1,0.331,49.5,49.5,-0.669
0.040915,0.040915,0.00027604,1.5157,1,0.332,49.5,49.5,-0.668
0.041039,0.041039,0.00027655,1.5157,1,0.333,49.5,49.5,-0.667
0.041162,0.041162,0.00027707,1.5157,1,0.334,49.5,49.5,-0.666
0.041286,0.041286,0.00027759,1.5157,1,0.335,49.5,49.5,-0.665
0.041409,0.041409,0.00027811,1.5157,1,0.336,49.5,49.5,-0.664
0.041533,0.041533,0.00027863,1.5157,1,0.337,49.5,49.5,-0.663
0.041656,0.041656,0.00027915,1.5157,1,0.338,49.5,49.5,-0.662
0.04178,0.04178,0.00027967,1.5157,1,0.339,49.5,49.5,-0.661
0.041903,0.041903,0.00028019,1.5157,1,0.34,49.5,49.5,-0.66
0.042027,0.042027,0.00028071,1.5157,1,0.341,49.5,49.5,-0.659
0.04215,0.04215,0.00028123,1.5157,1,0.342,49.5,49.5,-0.658
0.042274,0.042274,0.00028174,1.5157,1,0.343,49.5,49.5,-0.657
0.042397,0.042397,0.00028226,1.5157,1,0.344,49.5,49.5,-0.656
0.042521,0.042521,0.00028278,1.5157,1,0.345,49.5,49.5,-0.655
0.042644,0.042644,0.0002833,1.5157,1,0.346,49.5,49.5,-0.654
0.042768,0.042768,0.00028382,1.5157,1,0.347,49.5,49.5,-0.653
0.042891,0.042891,0.00028434,1.5157,1,0.348,49.5,49.5,-0.652
0.043015,0.043015,0.00028486,1.5157,1,0.349,49.5,49.5,-0.651
0.043138,0.043138,0.00028538,1.5157,1,0.35,49.5,49.5,-0.65
0.043262,0.043262,0.0002859,1.5157,1,0.351,49.5,49.5,-0.649
0.043385,0.043385,0.00028641,1.5157,1,0.352,49.5,49.5,-0.648
0.043508,0.043508,0.00028693,1.5157,1,0.353,49.5,49.5,-0.647
0.043632,0.043632,0.00028745,1.5157,1,0.354,49.5,49.5,-0.646
0.043755,0.043755,0.00028797,1.5157,1,0.355,49.5,49.5,-0.645
0.043879,0.043879,0.00028849,1.5157,1,0.356,49.5,49.5,-0.644
0.044002,0.044002,0.00028901,1.5157,1,0.357,49.5,49.5,-0.643
0.044126,0.044126,0.00028953,1.5157,1,0.358,49.5,49.5,-0.642
0.044249,0.044249,0.00029005,1.5157,1,0.359,49.5,49.5,-0.641
0.044373,0.044373,0.00029057,1.5157,1,0.36,49.5,49.5,-0.64
0.044496,0.044496,0.00029109,1.5157,1,0.361,49.5,49.5,-0.639
0.04462,0.04462,0.0002916,1.5157,1,0.362,49.5,49.5,-0.638
0.044743,0.044743,0.00029212,1.5157,1,0.363,49.5,49.5,-0.637
0.044867,0.044867,0.00029264,1.5157,1,0.364,49.5,49.5,-0.636
0.04499,0.04499,0.00029316,1.5157,1,0.365,49.5,49.5,-0.635
0.045114,0.045114,0.00029368,1.5157,1,0.366,49.5,49.5,-0.634
0.045237,0.045237,0.0002942,1.5157,1,0.367,49.5,49.5,-0.633
0.045361,0.045361,0.00029472,1.5157,1,0.368,49.5,49.5,-0.632
0.045484,0.045484,0.00029524,1.5157,1,0.369,49.5,49.5,-0.631
0.045608,0.045608,0.00029576,1.5157,1,0.37,49.5,49.5,-0.63
0.045731,0.045731,0.00029627,1.5157,1,0.371,49.5,49.5,-0.629
0.045855,0.045855,0.00029679,1.5157,1,0.372,49.5,49.5,-0.628
0.045978,0.045978,0.00029731,1.5157,1,0.373,49.5,49.5,-0.627
0.046102,0.046102,0.00029783,1.5157,1,0.374,49.5,49.5,-0.626
0.046225,0.046225,0.00029835,1.5157,1,0.375,49.5,49.5,-0.625
0.046349,0.046349,0.00029887,1.5157,1,0.376,49.5,49.5,-0.624
0.046472,0.046472,0.00029939,1.5157,1,0.377,49.5,49.5,-0.623
0.046596,0.046596,0.00029991,1.5157,1,0.378,49.5,49.5,-0.622
0.046719,0.046719,0.00030043,1.5157,1,0.379,49.5,49.5,-0.621
0.046842,0.046842,0.00030094,1.5157,1,0.38,49.5,49.5,-0.62
0.046966,0.046966,0.00030146,1.5157,1,0.381,49.5,49.5,-0.619
0.047089,0.047089,0.00030198,1.5157,1,0.382,49.5,49.5,-0.618
0.047213,0.047213,0.0003025,1.5157,1,0.383,49.5,49.5,-0.617
0.047336,0.047336,0.00030302,1.5157,1,0.384,49.5,49.5,-0.616
0.04746,0.04746,0.00030354,1.5157,1,0.385,49.5,49.5,-0.615
0.047583,0.047583,0.00030406,1.5157,1,0.386,49.5,49.5,-0.614
0.047707,0.047707,0.00030458,1.5157,1,0.387,49.5,49.5,-0.613
0.04783,0.04783,0.0003051,1.5157,1,0.388,49.5,49.5,-0.612
0.047954,0.047954,0.00030562,1.5157,1,0.389,49.5,49.5,-0.611
0.048077,0.048077,0.00030613,1.5157,1,0.39,49.5,49.5,-0.61
0.048201,0.048201,0.00030665,1.5157,1,0.391,49.5,49.5,-0.609
0.048324,0.048324,0.00030717,1.5157,1,0.392,49.5,49.5,-0.608
0.048448,0.048448,0.00030769,1.5157,1,0.393,49.5,49.5,-0.607
0.048571,0.048571,0.00030821,1.5157,1,0.394,49.5,49.5,-0.606
0.048695,0.048695,0.00030873,1.5157,1,0.395,49.5,49.5,-0.605
0.048818,0.048818,0.00030925,1.5157,1,0.396,49.5,49.5,-0.604
0.048942,0.048942,0.00030977,1.5157,1,0.397,49.5,49.5,-0.603
0.049065,0.049065,0.00031029,1.5157,1,0.398,49.5,49.5,-0.602
0.049189,0.049189,0.0003108,1.5157,1,0.399,49.5,49.5,-0.601
0.049368,0.049368,0.00031132,1.5157,1,0.4,49.5,49.5,-0.6
0.049491,0.049491,0.00031132,1.5157,1,0.401,49.5,49.5,-0.599
0.049614,0.049614,0.00031132,1.5157,1,0.402,49.5,49.5,-0.598
0.049736,0.049736,0.00031132,1.5157,1,0.403,49.5,49.5,-0.597
0.049859,0.049859,0.00031132,1.5157,1,0.404,49.5,49.5,-0.596
0.049982,0.049982,0.00031132,1.5157,1,0.405,49.5,49.5,-0.595
0.050104,0.050104,0.00031132,1.5157,1,0.406,49.5,49.5,-0.594
0.050227,0.050227,0.00031132,1.5157,1,0.407,49.5,49.5,-0.593
0.05035,0.05035,0.00031132,1.5157,1,0.408,49.5,49.5,-0.592
0.050472,0.050472,0.00031132,1.5157,1,0.409,49.5,49.5,-0.591
0.050595,0.050595,0.00031133,1.5157,1,0.41,49.5,49.5,-0.59
0.050718,0.050718,0.00031133,1.5157,1,0.411,49.5,49.5,-0.589
0.05084,0.05084,0.00031133,1.5157,1,0.412,49.5,49.5,-0.588
0.050963,0.050963,0.00031133,1.5157,1,0.413,49.5,49.5,-0.587
0.051086,0.051086,0.00031133,1.5157,1,0.414,49.5,49.5,-0.586
0.051208,0.051208,0.00031133,1.5157,1,0.415,49.5,49.5,-0.585
0.051331,0.051331,0.00031133,1.5157,1,0.416,49.5,49.5,-0.584
0.051454,0.051454,0.00031133,1.5157,1,0.417,49.5,49.5,-0.583
0.051576,0.051576,0.00031133,1.5157,1,0.418,49.5,49.5,-0.582
0.051699,0.051699,0.00031133,1.5157,1,0.419,49.5,49.5,-0.581
0.051822,0.051822,0.00031133,1.5157,1,0.42,49.5,49.5,-0.58
0.051944,0.051944,0.00031133,1.5157,1,0.421,49.5,49.5,-0.579
0.052067,0.052067,0.00031133,1.5157,1,0.422,49.5,49.5,-0.578
0.05219,0.05219,0.00031133,1.5157,1,0.423,49.5,49.5,-0.577
0.052312,0.052312,0.00031133,1.5157,1,0.424,49.5,49.5,-0.576
0.052435,0.052435,0.00031133,1.5157,1,0.425,49.5,49.5,-0.575
0.052558,0.052558,0.00031133,1.5157,1,0.426,49.5,49.5,-0.574
0.05268,0.05268,0.00031133,1.5157,1,0.427,49.5,49.5,-0.573
0.052803,0.052803,0.00031133,1.5157,1,0.428,49.5,49.5,-0.572
0.052926,0.052926,0.00031133,1.5157,1,0.429,49.5,49.5,-0.571
0.053048,0.053048,0.00031133,1.5157,1,0.43,49.5,49.5,-0.57
0.053171,0.053171,0.00031133,1.5157,1,0.431,49.5,49.5,-0.569
0.053294,0.053294,0.00031133,1.5157,1,0.432,49.5,49.5,-0.568
0.053416,0.053416,0.00031133,1.5157,1,0.433,49.5,49.5,-0.567
0.053539,0.053539,0.00031133,1.5157,1,0.434,49.5,49.5,-0.566
0.053662,0.053662,0.00031133,1.5157,1,0.435,49.5,49.5,-0.565
0.053784,0.053784,0.00031133,1.5157,1,0.436,49.5,49.5,-0.564
0.053907,0.053907,0.00031133,1.5157,1,0.437,49.5,49.5,-0.563
0.05403,0.05403,0.00031133,1.5157,1,0.438,49.5,49.5,-0.562
0.054152,0.054152,0.00031133,1.5157,1,0.439,49.5,49.5,-0.561
0.054275,0.054275,0.00031133,1.5157,1,0.44,49.5,49.5,-0.56
0.054398,0.054398,0.00031133,1.5157,1,0.441,49.5,49.5,-0.559
0.05452,0.05452,0.00031133,1.5157,1,0.442,49.5,49.5,-0.558
0.054643,0.054643,0.00031133,1.5157,1,0.443,49.5,49.5,-0.557
0.054766,0.054766,0.00031133,1.5157,1,0.444,49.5,49.5,-0.556
0.054888,0.054888,0.00031133,1.5157,1,0.445,49.5,49.5,-0.555
0.055011,0.055011,0.00031133,1.5157,1,0.446,49.5,49.5,-0.554
0.055134,0.055134,0.00031133,1.5157,1,0.447,49.5,49.5,-0.553
0.055256,0.055256,0.00031133,1.5157,1,0.448,49.5,49.5,-0.552
0.055379,0.055379,0.00031133,1.5157,1,0.449,49.5,49.5,-0.551
0.055502,0.055502,0.00031133,1.5157,1,0.45,49.5,49.5,-0.55
0.055624,0.055624,0.00031133,1.5157,1,0.451,49.5,49.5,-0.549
0.055747,0.055747,0.00031133,1.5157,1,0.452,49.5,49.5,-0.548
0.05587,0.05587,0.00031133,1.5157,1,0.453,49.5,49.5,-0.547
0.055992,0.055992,0.00031133,1.5157,1,0.454,49.5,49.5,-0.546
0.056115,0.056115,0.00031133,1.5157,1,0.455,49.5,49.5,-0.545
0.056238,0.056238,0.00031133,1.5157,1,0.456,49.5,49.5,-0.544
0.05636,0.05636,0.00031133,1.5157,1,0.457,49.5,49.5,-0.543
0.056483,0.056483,0.00031133,1.5157,1,0.458,49.5,49.5,-0.542
0.056606,0.056606,0.00031133,1.5157,1,0.459,49.5,49.5,-0.541
0.056728,0.056728,0.00031133,1.5157,1,0.46,49.5,49.5,-0.54
0.056851,0.056851,0.00031133,1.5157,1,0.461,49.5,49.5,-0.539
0.056974,0.056974,0.00031133,1.5157,1,0.462,49.5,49.5,-0.538
0.057096,0.057096,0.00031133,1.5157,1,0.463,49.5,49.5,-0.537
0.057219,0.057219,0.00031133,1.5157,1,0.464,49.5,49.5,-0.536
0.057341,0.057341,0.00031133,1.5157,1,0.465,49.5,49.5,-0.535
0.057464,0.057464,0.00031133,1.5157,1,0.466,49.5,49.5,-0.534
0.057587,0.057587,0.00031133,1.5157,1,0.467,49.5,49.5,-0.533
0.057709,0.057709,0.00031133,1.5157,1,0.468,49.5,49.5,-0.532
0.057832,0.057832,0.00031133,1.5157,1,0.469,49.5,49.5,-0.531
0.057955,0.057955,0.00031133,1.5157,1,0.47,49.5,49.5,-0.53
0.058077,0.058077,0.00031133,1.5157,1,0.471,49.5,49.5,-0.529
0.0582,0.0582,0.00031133,1.5157,1,0.472,49.5,49.5,-0.528
0.058323,0.058323,0.00031133,1.5157,1,0.473,49.5,49.5,-0.527
0.058445,0.058445,0.00031133,1.5157,1,0.474,49.5,49.5,-0.526
0.058568,0.058568,0.00031133,1.5157,1,0.475,49.5,49.5,-0.525
0.058691,0.058691,0.00031133,1.5157,1,0.476,49.5,49.5,-0.524
0.058813,0.058813,0.00031133,1.5157,1,0.477,49.5,49.5,-0.523
0.058936,0.058936,0.00031133,1.5157,1,0.478,49.5,49.5,-0.522
0.059059,0.059059,0.00031133,1.5157,1,0.479,49.5,49.5,-0.521
0.059181,0.059181,0.00031133,1.5157,1,0.48,49.5,49.5,-0.52
0.059304,0.059304,0.00031133,1.5157,1,0.481,49.5,49.5,-0.519
0.059427,0.059427,0.00031133,1.5157,1,0.482,49.5,49.5,-0.518
0.059549,0.059549,0.00031133,1.5157,1,0.483,49.5,49.5,-0.517
0.059672,0.059672,0.00031133,1.5157,1,0.484,49.5,49.5,-0.516
0.059795,0.059795,0.00031133,1.5157,1,0.485,49.5,49.5,-0.515
0.059917,0.059917,0.00031133,1.5157,1,0.486,49.5,49.5,-0.514
0.06004,0.06004,0.00031133,1.5157,1,0.487,49.5,49.5,-0.513
0.060163,0.060163,0.00031133,1.5157,1,0.488,49.5,49.5,-0.512
0.060285,0.060285,0.00031133,1.5157,1,0.489,49.5,49.5,-0.511
0.060408,0.060408,0.00031133,1.5157,1,0.49,49.5,49.5,-0.51
0.060531,0.060531,0.00031133,1.5157,1,0.491,49.5,49.5,-0.509
0.060653,0.060653,0.00031133,1.5157,1,0.492,49.5,49.5,-0.508
0.060776,0.060776,0.00031133,1.5157,1,0.493,49.5,49.5,-0.507
0.060899,0.060899,0.00031133,1.5157,1,0.494,49.5,49.5,-0.506
0.061021,0.061021,0.00031133,1.5157,1,0.495,49.5,49.5,-0.505
0.061144,0.061144,0.00031133,1.5157,1,0.496,49.5,49.5,-0.504
0.061267,0.061267,0.00031133,1.5157,1,0.497,49.5,49.5,-0.503
0.061389,0.061389,0.00031133,1.5157,1,0.498,49.5,49.5,-0.502
0.061512,0.061512,0.00031134,1.5157,1,0.499,49.5,49.5,-0.501
0.061635,0.061635,0.00031134,1.5157,1,0.5,49.5,49.5,-0.5
0.061757,0.061757,0.00031134,1.5157,1,0.501,49.5,49.5,-0.499
0.06188,0.06188,0.00031134,1.5157,1,0.502,49.5,49.5,-0.498
0.062003,0.062003,0.00031134,1.5157,1,0.503,49.5,49.5,-0.497
0.062125,0.062125,0.00031134,1.5157,1,0.504,49.5,49.5,-0.496
0.062248,0.062248,0.00031134,1.5157,1,0.505,49.5,49.5,-0.495
0.062371,0.062371,0.00031134,1.5157,1,0.506,49.5,49.5,-0.494
0.062493,0.062493,0.00031134,1.5157,1,0.507,49.5,49.5,-0.493
0.062616,0.062616,0.00031134,1.5157,1,0.508,49.5,49.5,-0.492
0.062739,0.062739,0.00031134,1.5157,1,0.509,49.5,49.5,-0.491
0.062861,0.062861,0.00031134,1.5157,1,0.51,49.5,49.5,-0.49
0.062984,0.062984,0.00031134,1.5157,1,0.511,49.5,49.5,-0.489
0.063107,0.063107,0.00031134,1.5157,1,0.512,49.5,49.5,-0.488
0.063229,0.063229,0.00031134,1.5157,1,0.513,49.5,49.5,-0.487
0.063352,0.063352,0.00031134,1.5157,1,0.514,49.5,49.5,-0.486
0.063475,0.063475,0.00031134,1.5157,1,0.515,49.5,49.5,-0.485
0.063597,0.063597,0.00031134,1.5157,1,0.516,49.5,49.5,-0.484
0.06372,0.06372,0.00031134,1.5157,1,0.517,49.5,49.5,-0.483
0.063843,0.063843,0.00031134,1.5157,1,0.518,49.5,49.5,-0.482
0.063965,0.063965,0.00031134,1.5157,1,0.519,49.5,49.5,-0.481
0.064088,0.064088,0.00031134,1.5157,1,0.52,49.5,49.5,-0.48
0.064211,0.064211,0.00031134,1.5157,1,0.521,49.5,49.5,-0.479
0.064333,0.064333,0.00031134,1.5157,1,0.522,49.5,49.5,-0.478
0.064456,0.064456,0.00031134,1.5157,1,0.523,49.5,49.5,-0.477
0.064579,0.064579,0.00031134,1.5157,1,0.524,49.5,49.5,-0.476
0.064701,0.064701,0.00031134,1.5157,1,0.525,49.5,49.5,-0.475
0.064824,0.064824,0.00031134,1.5157,1,0.526,49.5,49.5,-0.474
0.064947,0.064947,0.00031134,1.5157,1,0.527,49.5,49.5,-0.473
0.065069,0.065069,0.00031134,1.5157,1,0.528,49.5,49.5,-0.472
0.065192,0.065192,0.00031134,1.5157,1,0.529,49.5,49.5,-0.471
0.065315,0.065315,0.00031134,1.5157,1,0.53,49.5,49.5,-0.47
0.065437,0.065437,0.00031134,1.5157,1,0.531,49.5,49.5,-0.469
0.06556,0.06556,0.00031134,1.5157,1,0.532,49.5,49.5,-0.468
0.065683,0.065683,0.00031134,1.5157,1,0.533,49.5,49.5,-0.467
0.065805,0.065805,0.00031134,1.5157,1,0.534,49.5,49.5,-0.466
0.065928,0.065928,0.00031134,1.5157,1,0.535,49.5,49.5,-0.465
0.066051,0.066051,0.00031134,1.5157,1,0.536,49.5,49.5,-0.464
0.066173,0.066173,0.00031134,1.5157,1,0.537,49.5,49.5,-0.463
0.066296,0.066296,0.00031134,1.5157,1,0.538,49.5,49.5,-0.462
0.066419,0.066419,0.00031134,1.5157,1,0.539,49.5,49.5,-0.461
0.066541,0.066541,0.00031134,1.5157,1,0.54,49.5,49.5,-0.46
0.066664,0.066664,0.00031134,1.5157,1,0.541,49.5,49.5,-0.459
0.066787,0.066787,0.00031134,1.5157,1,0.542,49.5,49.5,-0.458
0.066909,0.066909,0.00031134,1.5157,1,0.543,49.5,49.5,-0.457
0.067032,0.067032,0.00031134,1.5157,1,0.544,49.5,49.5,-0.456
0.067155,0.067155,0.00031134,1.5157,1,0.545,49.5,49.5,-0.455
0.067277,0.067277,0.00031134,1.5157,1,0.546,49.5,49.5,-0.454
0.0674,0.0674,0.00031134,1.5157,1,0.547,49.5,49.5,-0.453
0.067523,0.067523,0.00031134,1.5157,1,0.548,49.5,49.5,-0.452
0.067645,0.067645,0.00031134,1.5157,1,0.549,49.5,49.5,-0.451
0.067768,0.067768,0.00031134,1.5157,1,0.55,49.5,49.5,-0.45
0.06789,0.06789,0.00031134,1.5157,1,0.551,49.5,49.5,-0.449
0.068013,0.068013,0.00031134,1.5157,1,0.552,49.5,49.5,-0.448
0.068136,0.068136,0.00031134,1.5157,1,0.553,49.5,49.5,-0.447
0.068258,0.068258,0.00031134,1.5157,1,0.554,49.5,49.5,-0.446
0.068381,0.068381,0.00031134,1.5157,1,0.555,49.5,49.5,-0.445
0.068504,0.068504,0.00031134,1.5157,1,0.556,49.5,49.5,-0.444
0.068626,0.068626,0.00031134,1.5157,1,0.557,49.5,49.5,-0.443
0.068749,0.068749,0.00031134,1.5157,1,0.558,49.5,49.5,-0.442
0.068872,0.068872,0.00031134,1.5157,1,0.559,49.5,49.5,-0.441
0.068994,0.068994,0.00031134,1.5157,1,0.56,49.5,49.5,-0.44
0.069117,0.069117,0.00031134,1.5157,1,0.561,49.5,49.5,-0.439
0.06924,0.06924,0.00031134,1.5157,1,0.562,49.5,49.5,-0.438
0.069362,0.069362,0.00031134,1.5157,1,0.563,49.5,49.5,-0.437
0.069485,0.069485,0.00031134,1.5157,1,0.564,49.5,49.5,-0.436
0.069608,0.069608,0.00031134,1.5157,1,0.565,49.5,49.5,-0.435
0.06973,0.06973,0.00031134,1.5157,1,0.566,49.5,49.5,-0.434
0.069853,0.069853,0.00031134,1.5157,1,0.567,49.5,49.5,-0.433
0.069976,0.069976,0.00031134,1.5157,1,0.568,49.5,49.5,-0.432
0.070098,0.070098,0.00031134,1.5157,1,0.569,49.5,49.5,-0.431
0.070221,0.070221,0.00031134,1.5157,1,0.57,49.5,49.5,-0.43
0.070344,0.070344,0.00031134,1.5157,1,0.571,49.5,49.5,-0.429
0.070466,0.070466,0.00031134,1.5157,1,0.572,49.5,49.5,-0.428
0.070589,0.070589,0.00031134,1.5157,1,0.573,49.5,49.5,-0.427
0.070712,0.070712,0.00031134,1.5157,1,0.574,49.5,49.5,-0.426
0.070834,0.070834,0.00031134,1.5157,1,0.575,49.5,49.5,-0.425
0.070957,0.070957,0.00031134,1.5157,1,0.576,49.5,49.5,-0.424
0.07108,0.07108,0.00031134,1.5157,1,0.577,49.5,49.5,-0.423
0.071202,0.071202,0.00031134,1.5157,1,0.578,49.5,49.5,-0.422
0.071325,0.071325,0.00031134,1.5157,1,0.579,49.5,49.5,-0.421
0.071448,0.071448,0.00031134,1.5157,1,0.58,49.5,49.5,-0.42
0.07157,0.07157,0.00031134,1.5157,1,0.581,49.5,49.5,-0.419
0.071693,0.071693,0.00031134,1.5157,1,0.582,49.5,49.5,-0.418
0.071816,0.071816,0.00031134,1.5157,1,0.583,49.5,49.5,-0.417
0.071938,0.071938,0.00031134,1.5157,1,0.584,49.5,49.5,-0.416
0.072061,0.072061,0.00031134,1.5157,1,0.585,49.5,49.5,-0.415
0.072184,0.072184,0.00031134,1.5157,1,0.586,49.5,49.5,-0.414
0.072306,0.072306,0.00031134,1.5157,1,0.587,49.5,49.5,-0.413
0.072429,0.072429,0.00031135,1.5157,1,0.588,49.5,49.5,-0.412
0.072552,0.072552,0.00031135,1.5157,1,0.589,49.5,49.5,-0.411
0.072674,0.072674,0.00031135,1.5157,1,0.59,49.5,49.5,-0.41
0.072797,0.072797,0.00031135,1.5157,1,0.591,49.5,49.5,-0.409
0.07292,0.07292,0.00031135,1.5157,1,0.592,49.5,49.5,-0.408
0.073042,0.073042,0.00031135,1.5157,1,0.593,49.5,49.5,-0.407
0.073165,0.073165,0.00031135,1.5157,1,0.594,49.5,49.5,-0.406
0.073288,0.073288,0.00031135,1.5157,1,0.595,49.5,49.5,-0.405
0.07341,0.07341,0.00031135,1.5157,1,0.596,49.5,49.5,-0.404
0.073533,0.073533,0.00031135,1.5157,1,0.597,49.5,49.5,-0.403
0.073656,0.073656,0.00031135,1.5157,1,0.598,49.5,49.5,-0.402
0.073778,0.073778,0.00031135,1.5157,1,0.599,49.5,49.5,-0.401
0.074121,0.074121,0.00031135,1.5157,1,0.6,49.5,49.5,-0.4
0.074243,0.074243,0.00031083,1.5157,1,0.601,49.5,49.5,-0.399
0.074365,0.074365,0.00031031,1.5157,1,0.602,49.5,49.5,-0.398
0.074487,0.074487,0.00030979,1.5157,1,0.603,49.5,49.5,-0.397
0.074608,0.074608,0.00030927,1.5157,1,0.604,49.5,49.5,-0.396
0.07473,0.07473,0.00030875,1.5157,1,0.605,49.5,49.5,-0.395
0.074852,0.074852,0.00030823,1.5157,1,0.606,49.5,49.5,-0.394
0.074974,0.074974,0.00030771,1.5157,1,0.607,49.5,49.5,-0.393
0.075096,0.075096,0.0003072,1.5157,1,0.608,49.5,49.5,-0.392
0.075218,0.075218,0.00030668,1.5157,1,0.609,49.5,49.5,-0.391
0.075339,0.075339,0.00030616,1.5157,1,0.61,49.5,49.5,-0.39
0.075461,0.075461,0.00030564,1.5157,1,0.611,49.5,49.5,-0.389
0.075583,0.075583,0.00030512,1.5157,1,0.612,49.5,49.5,-0.388
0.075705,0.075705,0.0003046,1.5157,1,0.613,49.5,49.5,-0.387
0.075827,0.075827,0.00030408,1.5157,1,0.614,49.5,49.5,-0.386
0.075949,0.075949,0.00030356,1.5157,1,0.615,49.5,49.5,-0.385
0.076071,0.076071,0.00030305,1.5157,1,0.616,49.5,49.5,-0.384
0.076192,0.076192,0.00030253,1.5157,1,0.617,49.5,49.5,-0.383
0.076314,0.076314,0.00030201,1.5157,1,0.618,49.5,49.5,-0.382
0.076436,0.076436,0.00030149,1.5157,1,0.619,49.5,49.5,-0.381
0.076558,0.076558,0.00030097,1.5157,1,0.62,49.5,49.5,-0.38
0.07668,0.07668,0.00030045,1.5157,1,0.621,49.5,49.5,-0.379
0.076802,0.076802,0.00029993,1.5157,1,0.622,49.5,49.5,-0.378
0.076924,0.076924,0.00029941,1.5157,1,0.623,49.5,49.5,-0.377
0.077045,0.077045,0.00029889,1.5157,1,0.624,49.5,49.5,-0.376
0.077167,0.077167,0.00029838,1.5157,1,0.625,49.5,49.5,-0.375
0.077289,0.077289,0.00029786,1.5157,1,0.626,49.5,49.5,-0.374
0.077411,0.077411,0.00029734,1.5157,1,0.627,49.5,49.5,-0.373
0.077533,0.077533,0.00029682,1.5157,1,0.628,49.5,49.5,-0.372
0.077655,0.077655,0.0002963,1.5157,1,0.629,49.5,49.5,-0.371
0.077777,0.077777,0.00029578,1.5157,1,0.63,49.5,49.5,-0.37
0.077898,0.077898,0.00029526,1.5157,1,0.631,49.5,49.5,-0.369
0.07802,0.07802,0.00029474,1.5157,1,0.632,49.5,49.5,-0.368
0.078142,0.078142,0.00029422,1.5157,1,0.633,49.5,49.5,-0.367
0.078264,0.078264,0.00029371,1.5157,1,0.634,49.5,49.5,-0.366
0.078386,0.078386,0.00029319,1.5157,1,0.635,49.5,49.5,-0.365
0.078508,0.078508,0.00029267,1.5157,1,0.636,49.5,49.5,-0.364
0.07863,0.07863,0.00029215,1.5157,1,0.637,49.5,49.5,-0.363
0.078751,0.078751,0.00029163,1.5157,1,0.638,49.5,49.5,-0.362
0.078873,0.078873,0.00029111,1.5157,1,0.639,49.5,49.5,-0.361
0.078995,0.078995,0.00029059,1.5157,1,0.64,49.5,49.5,-0.36
0.079117,0.079117,0.00029007,1.5157,1,0.641,49.5,49.5,-0.359
0.079239,0.079239,0.00028956,1.5157,1,0.642,49.5,49.5,-0.358
0.079361,0.079361,0.00028904,1.5157,1,0.643,49.5,49.5,-0.357
0.079482,0.079482,0.00028852,1.5157,1,0.644,49.5,49.5,-0.356
0.079604,0.079604,0.000288,1.5157,1,0.645,49.5,49.5,-0.355
0.079726,0.079726,0.00028748,1.5157,1,0.646,49.5,49.5,-0.354
0.079848,0.079848,0.00028696,1.5157,1,0.647,49.5,49.5,-0.353
0.07997,0.07997,0.00028644,1.5157,1,0.648,49.5,49.5,-0.352
0.080092,0.080092,0.00028592,1.5157,1,0.649,49.5,49.5,-0.351
0.080214,0.080214,0.0002854,1.5157,1,0.65,49.5,49.5,-0.35
0.080335,0.080335,0.00028489,1.5157,1,0.651,49.5,49.5,-0.349
0.080457,0.080457,0.00028437,1.5157,1,0.652,49.5,49.5,-0.348
0.080579,0.080579,0.00028385,1.5157,1,0.653,49.5,49.5,-0.347
0.080701,0.080701,0.00028333,1.5157,1,0.654,49.5,49.5,-0.346
0.080823,0.080823,0.00028281,1.5157,1,0.655,49.5,49.5,-0.345
0.080945,0.080945,0.00028229,1.5157,1,0.656,49.5,49.5,-0.344
0.081067,0.081067,0.00028177,1.5157,1,0.657,49.5,49.5,-0.343
0.081188,0.081188,0.00028125,1.5157,1,0.658,49.5,49.5,-0.342
0.08131,0.08131,0.00028074,1.5157,1,0.659,49.5,49.5,-0.341
0.081432,0.081432,0.00028022,1.5157,1,0.66,49.5,49.5,-0.34
0.081554,0.081554,0.0002797,1.5157,1,0.661,49.5,49.5,-0.339
0.081676,0.081676,0.00027918,1.5157,1,0.662,49.5,49.5,-0.338
0.081798,0.081798,0.00027866,1.5157,1,0.663,49.5,49.5,-0.337
0.08192,0.08192,0.00027814,1.5157,1,0.664,49.5,49.5,-0.336
0.082041,0.082041,0.00027762,1.5157,1,0.665,49.5,49.5,-0.335
0.082163,0.082163,0.0002771,1.5157,1,0.666,49.5,49.5,-0.334
0.082285,0.082285,0.00027658,1.5157,1,0.667,49.5,49.5,-0.333
0.082407,0.082407,0.00027607,1.5157,1,0.668,49.5,49.5,-0.332
0.082529,0.082529,0.00027555,1.5157,1,0.669,49.5,49.5,-0.331
0.082651,0.082651,0.00027503,1.5157,1,0.67,49.5,49.5,-0.33
0.082773,0.082773,0.00027451,1.5157,1,0.671,49.5,49.5,-0.329
0.082894,0.082894,0.00027399,1.5157,1,0.672,49.5,49.5,-0.328
0.083016,0.083016,0.00027347,1.5157,1,0.673,49.5,49.5,-0.327
0.083138,0.083138,0.00027295,1.5157,1,0.674,49.5,49.5,-0.326
0.08326,0.08326,0.00027243,1.5157,1,0.675,49.5,49.5,-0.325
0.083382,0.083382,0.00027191,1.5157,1,0.676,49.5,49.5,-0.324
0.083504,0.083504,0.0002714,1.5157,1,0.677,49.5,49.5,-0.323
0.083626,0.083626,0.00027088,1.5157,1,0.678,49.5,49.5,-0.322
0.083747,0.083747,0.00027036,1.5157,1,0.679,49.5,49.5,-0.321
0.083869,0.083869,0.00026984,1.5157,1,0.68,49.5,49.5,-0.32
0.083991,0.083991,0.00026932,1.5157,1,0.681,49.5,49.5,-0.319
0.084113,0.084113,0.0002688,1.5157,1,0.682,49.5,49.5,-0.318
0.084235,0.084235,0.00026828,1.5157,1,0.683,49.5,49.5,-0.317
0.084357,0.084357,0.00026776,1.5157,1,0.684,49.5,49.5,-0.316
0.084478,0.084478,0.00026725,1.5157,1,0.685,49.5,49.5,-0.315
0.0846,0.0846,0.00026673,1.5157,1,0.686,49.5,49.5,-0.314
0.084722,0.084722,0.00026621,1.5157,1,0.687,49.5,49.5,-0.313
0.084844,0.084844,0.00026569,1.5157,1,0.688,49.5,49.5,-0.312
0.084966,0.084966,0.00026517,1.5157,1,0.689,49.5,49.5,-0.311
0.085088,0.085088,0.00026465,1.5157,1,0.69,49.5,49.5,-0.31
0.08521,0.08521,0.00026413,1.5157,1,0.691,49.5,49.5,-0.309
0.085331,0.085331,0.00026361,1.5157,1,0.692,49.5,49.5,-0.308
0.085453,0.085453,0.00026309,1.5157,1,0.693,49.5,49.5,-0.307
0.085575,0.085575,0.00026258,1.5157,1,0.694,49.5,49.5,-0.306
0.085697,0.085697,0.00026206,1.5157,1,0.695,49.5,49.5,-0.305
0.085819,0.085819,0.00026154,1.5157,1,0.696,49.5,49.5,-0.304
0.085941,0.085941,0.00026102,1.5157,1,0.697,49.5,49.5,-0.303
0.086063,0.086063,0.0002605,1.5157,1,0.698,49.5,49.5,-0.302
0.086184,0.086184,0.00025998,1.5157,1,0.699,49.5,49.5,-0.301
0.086306,0.086306,0.00025946,1.5157,1,0.7,49.5,49.5,-0.3
0.086428,0.086428,0.00025894,1.5157,1,0.701,49.5,49.5,-0.299
0.08655,0.08655,0.00025843,1.5157,1,0.702,49.5,49.5,-0.298
0.086672,0.086672,0.00025791,1.5157,1,0.703,49.5,49.5,-0.297
0.086794,0.086794,0.00025739,1.5157,1,0.704,49.5,49.5,-0.296
0.086916,0.086916,0.00025687,1.5157,1,0.705,49.5,49.5,-0.295
0.087037,0.087037,0.00025635,1.5157,1,0.706,49.5,49.5,-0.294
0.087159,0.087159,0.00025583,1.5157,1,0.707,49.5,49.5,-0.293
0.087281,0.087281,0.00025531,1.5157,1,0.708,49.5,49.5,-0.292
0.087403,0.087403,0.00025479,1.5157,1,0.709,49.5,49.5,-0.291
0.087525,0.087525,0.00025427,1.5157,1,0.71,49.5,49.5,-0.29
0.087647,0.087647,0.00025376,1.5157,1,0.711,49.5,49.5,-0.289
0.087769,0.087769,0.00025324,1.5157,1,0.712,49.5,49.5,-0.288
0.08789,0.08789,0.00025272,1.5157,1,0.713,49.5,49.5,-0.287
0.088012,0.088012,0.0002522,1.5157,1,0.714,49.5,49.5,-0.286
0.088134,0.088134,0.00025168,1.5157,1,0.715,49.5,49.5,-0.285
0.088256,0.088256,0.00025116,1.5157,1,0.716,49.5,49.5,-0.284
0.088378,0.088378,0.00025064,1.5157,1,0.717,49.5,49.5,-0.283
0.0885,0.0885,0.00025012,1.5157,1,0.718,49.5,49.5,-0.282
0.088621,0.088621,0.00024961,1.5157,1,0.719,49.5,49.5,-0.281
0.088743,0.088743,0.00024909,1.5157,1,0.72,49.5,49.5,-0.28
0.088865,0.088865,0.00024857,1.5157,1,0.721,49.5,49.5,-0.279
0.088987,0.088987,0.00024805,1.5157,1,0.722,49.5,49.5,-0.278
0.089109,0.089109,0.00024753,1.5157,1,0.723,49.5,49.5,-0.277
0.089231,0.089231,0.00024701,1.5157,1,0.724,49.5,49.5,-0.276
0.089353,0.089353,0.00024649,1.5157,1,0.725,49.5,49.5,-0.275
0.089474,0.089474,0.00024597,1.5157,1,0.726,49.5,49.5,-0.274
0.089596,0.089596,0.00024545,1.5157,1,0.727,49.5,49.5,-0.273
0.089718,0.089718,0.00024494,1.5157,1,0.728,49.5,49.5,-0.272
0.08984,0.08984,0.00024442,1.5157,1,0.729,49.5,49.5,-0.271
0.089962,0.089962,0.0002439,1.5157,1,0.73,49.5,49.5,-0.27
0.090084,0.090084,0.00024338,1.5157,1,0.731,49.5,49.5,-0.269
0.090206,0.090206,0.00024286,1.5157,1,0.732,49.5,49.5,-0.268
0.090327,0.090327,0.00024234,1.5157,1,0.733,49.5,49.5,-0.267
0.090449,0.090449,0.00024182,1.5157,1,0.734,49.5,49.5,-0.266
0.090571,0.090571,0.0002413,1.5157,1,0.735,49.5,49.5,-0.265
0.090693,0.090693,0.00024078,1.5157,1,0.736,49.5,49.5,-0.264
0.090815,0.090815,0.00024027,1.5157,1,0.737,49.5,49.5,-0.263
0.090937,0.090937,0.00023975,1.5157,1,0.738,49.5,49.5,-0.262
0.091059,0.091059,0.00023923,1.5157,1,0.739,49.5,49.5,-0.261
0.09118,0.09118,0.00023871,1.5157,1,0.74,49.5,49.5,-0.26
0.091302,0.091302,0.00023819,1.5157,1,0.741,49.5,49.5,-0.259
0.091424,0.091424,0.00023767,1.5157,1,0.742,49.5,49.5,-0.258
0.091546,0.091546,0.00023715,1.5157,1,0.743,49.5,49.5,-0.257
0.091668,0.091668,0.00023663,1.5157,1,0.744,49.5,49.5,-0.256
0.09179,0.09179,0.00023612,1.5157,1,0.745,49.5,49.5,-0.255
0.091912,0.091912,0.0002356,1.5157,1,0.746,49.5,49.5,-0.254
0.092033,0.092033,0.00023508,1.5157,1,0.747,49.5,49.5,-0.253
0.092155,0.092155,0.00023456,1.5157,1,0.748,49.5,49.5,-0.252
0.092277,0.092277,0.00023404,1.5157,1,0.749,49.5,49.5,-0.251
0.092399,0.092399,0.00023352,1.5157,1,0.75,49.5,49.5,-0.25
0.092521,0.092521,0.000233,1.5157,1,0.751,49.5,49.5,-0.249
0.092643,0.092643,0.00023248,1.5157,1,0.752,49.5,49.5,-0.248
0.092765,0.092765,0.00023196,1.5157,1,0.753,49.5,49.5,-0.247
0.092886,0.092886,0.00023145,1.5157,1,0.754,49.5,49.5,-0.246
0.093008,0.093008,0.00023093,1.5157,1,0.755,49.5,49.5,-0.245
0.09313,0.09313,0.00023041,1.5157,1,0.756,49.5,49.5,-0.244
0.093252,0.093252,0.00022989,1.5157,1,0.757,49.5,49.5,-0.243
0.093374,0.093374,0.00022937,1.5157,1,0.758,49.5,49.5,-0.242
0.093496,0.093496,0.00022885,1.5157,1,0.759,49.5,49.5,-0.241
0.093617,0.093617,0.00022833,1.5157,1,0.76,49.5,49.5,-0.24
0.093739,0.093739,0.00022781,1.5157,1,0.761,49.5,49.5,-0.239
0.093861,0.093861,0.0002273,1.5157,1,0.762,49.5,49.5,-0.238
0.093983,0.093983,0.00022678,1.5157,1,0.763,49.5,49.5,-0.237
0.094105,0.094105,0.00022626,1.5157,1,0.764,49.5,49.5,-0.236
0.094227,0.094227,0.00022574,1.5157,1,0.765,49.5,49.5,-0.235
0.094349,0.094349,0.00022522,1.5157,1,0.766,49.5,49.5,-0.234
0.09447,0.09447,0.0002247,1.5157,1,0.767,49.5,49.5,-0.233
0.094592,0.094592,0.00022418,1.5157,1,0.768,49.5,49.5,-0.232
0.094714,0.094714,0.00022366,1.5157,1,0.769,49.5,49.5,-0.231
0.094836,0.094836,0.00022314,1.5157,1,0.77,49.5,49.5,-0.23
0.094958,0.094958,0.00022263,1.5157,1,0.771,49.5,49.5,-0.229
0.09508,0.09508,0.00022211,1.5157,1,0.772,49.5,49.5,-0.228
0.095202,0.095202,0.00022159,1.5157,1,0.773,49.5,49.5,-0.227
0.095323,0.095323,0.00022107,1.5157,1,0.774,49.5,49.5,-0.226
0.095445,0.095445,0.00022055,1.5157,1,0.775,49.5,49.5,-0.225
0.095567,0.095567,0.00022003,1.5157,1,0.776,49.5,49.5,-0.224
0.095689,0.095689,0.00021951,1.5157,1,0.777,49.5,49.5,-0.223
0.095811,0.095811,0.00021899,1.5157,1,0.778,49.5,49.5,-0.222
0.095933,0.095933,0.00021848,1.5157,1,0.779,49.5,49.5,-0.221
0.096055,0.096055,0.00021796,1.5157,1,0.78,49.5,49.5,-0.22
0.096176,0.096176,0.00021744,1.5157,1,0.781,49.5,49.5,-0.219
0.096298,0.096298,0.00021692,1.5157,1,0.782,49.5,49.5,-0.218
0.09642,0.09642,0.0002164,1.5157,1,0.783,49.5,49.5,-0.217
0.096542,0.096542,0.00021588,1.5157,1,0.784,49.5,49.5,-0.216
0.096664,0.096664,0.00021536,1.5157,1,0.785,49.5,49.5,-0.215
0.096786,0.096786,0.00021484,1.5157,1,0.786,49.5,49.5,-0.214
0.096908,0.096908,0.00021432,1.5157,1,0.787,49.5,49.5,-0.213
0.097029,0.097029,0.00021381,1.5157,1,0.788,49.5,49.5,-0.212
0.097151,0.097151,0.00021329,1.5157,1,0.789,49.5,49.5,-0.211
0.097273,0.097273,0.00021277,1.5157,1,0.79,49.5,49.5,-0.21
0.097395,0.097395,0.00021225,1.5157,1,0.791,49.5,49.5,-0.209
0.097517,0.097517,0.00021173,1.5157,1,0.792,49.5,49.5,-0.208
0.097639,0.097639,0.00021121,1.5157,1,0.793,49.5,49.5,-0.207
0.09776,0.09776,0.00021069,1.5157,1,0.794,49.5,49.5,-0.206
0.097882,0.097882,0.00021017,1.5157,1,0.795,49.5,49.5,-0.205
0.098004,0.098004,0.00020965,1.5157,1,0.796,49.5,49.5,-0.204
0.098126,0.098126,0.00020914,1.5157,1,0.797,49.5,49.5,-0.203
0.098248,0.098248,0.00020862,1.5157,1,0.798,49.5,49.5,-0.202
0.09837,0.09837,0.0002081,1.5157,1,0.799,49.5,49.5,-0.201
0.098873,0.098873,0.00020758,1.5157,1,0.8,49.5,49.5,-0.2
0.098994,0.098994,0.00020654,1.5157,1,0.801,49.5,49.5,-0.199
0.099116,0.099116,0.0002055,1.5157,1,0.802,49.5,49.5,-0.198
0.099237,0.099237,0.00020447,1.5157,1,0.803,49.5,49.5,-0.197
0.099358,0.099358,0.00020343,1.5157,1,0.804,49.5,49.5,-0.196
0.099479,0.099479,0.00020239,1.5157,1,0.805,49.5,49.5,-0.195
0.0996,0.0996,0.00020135,1.5157,1,0.806,49.5,49.5,-0.194
0.099721,0.099721,0.00020031,1.5157,1,0.807,49.5,49.5,-0.193
0.099842,0.099842,0.00019928,1.5157,1,0.808,49.5,49.5,-0.192
0.099963,0.099963,0.00019824,1.5157,1,0.809,49.5,49.5,-0.191
0.10008,0.10008,0.0001972,1.5157,1,0.81,49.5,49.5,-0.19
0.10021,0.10021,0.00019616,1.5157,1,0.811,49.5,49.5,-0.189
0.10033,0.10033,0.00019512,1.5157,1,0.812,49.5,49.5,-0.188
0.10045,0.10045,0.00019409,1.5157,1,0.813,49.5,49.5,-0.187
0.10057,0.10057,0.00019305,1.5157,1,0.814,49.5,49.5,-0.186
0.10069,0.10069,0.00019201,1.5157,1,0.815,49.5,49.5,-0.185
0.10081,0.10081,0.00019097,1.5157,1,0.816,49.5,49.5,-0.184
0.10093,0.10093,0.00018994,1.5157,1,0.817,49.5,49.5,-0.183
0.10105,0.10105,0.0001889,1.5157,1,0.818,49.5,49.5,-0.182
0.10117,0.10117,0.00018786,1.5157,1,0.819,49.5,49.5,-0.181
0.10129,0.10129,0.00018682,1.5157,1,0.82,49.5,49.5,-0.18
0.10142,0.10142,0.00018578,1.5157,1,0.821,49.5,49.5,-0.179
0.10154,0.10154,0.00018475,1.5157,1,0.822,49.5,49.5,-0.178
0.10166,0.10166,0.00018371,1.5157,1,0.823,49.5,49.5,-0.177
0.10178,0.10178,0.00018267,1.5157,1,0.824,49.5,49.5,-0.176
0.1019,0.1019,0.00018163,1.5157,1,0.825,49.5,49.5,-0.175
0.10202,0.10202,0.00018059,1.5157,1,0.826,49.5,49.5,-0.174
0.10214,0.10214,0.00017956,1.5157,1,0.827,49.5,49.5,-0.173
0.10226,0.10226,0.00017852,1.5157,1,0.828,49.5,49.5,-0.172
0.10238,0.10238,0.00017748,1.5157,1,0.829,49.5,49.5,-0.171
0.10251,0.10251,0.00017644,1.5157,1,0.83,49.5,49.5,-0.17
0.10263,0.10263,0.0001754,1.5157,1,0.831,49.5,49.5,-0.169
0.10275,0.10275,0.00017437,1.5157,1,0.832,49.5,49.5,-0.168
0.10287,0.10287,0.00017333,1.5157,1,0.833,49.5,49.5,-0.167
0.10299,0.10299,0.00017229,1.5157,1,0.834,49.5,49.5,-0.166
0.10311,0.10311,0.00017125,1.5157,1,0.835,49.5,49.5,-0.165
0.10323,0.10323,0.00017022,1.5157,1,0.836,49.5,49.5,-0.164
0.10335,0.10335,0.00016918,1.5157,1,0.837,49.5,49.5,-0.163
0.10347,0.10347,0.00016814,1.5157,1,0.838,49.5,49.5,-0.162
0.10359,0.10359,0.0001671,1.5157,1,0.839,49.5,49.5,-0.161
0.10372,0.10372,0.00016606,1.5157,1,0.84,49.5,49.5,-0.16
0.10384,0.10384,0.00016503,1.5157,1,0.841,49.5,49.5,-0.159
0.10396,0.10396,0.00016399,1.5157,1,0.842,49.5,49.5,-0.158
0.10408,0.10408,0.00016295,1.5157,1,0.843,49.5,49.5,-0.157
0.1042,0.1042,0.00016191,1.5157,1,0.844,49.5,49.5,-0.156
0.10432,0.10432,0.00016087,1.5157,1,0.845,49.5,49.5,-0.155
0.10444,0.10444,0.00015984,1.5157,1,0.846,49.5,49.5,-0.154
0.10456,0.10456,0.0001588,1.5157,1,0.847,49.5,49.5,-0.153
0.10468,0.10468,0.00015776,1.5157,1,0.848,49.5,49.5,-0.152
0.10481,0.10481,0.00015672,1.5157,1,0.849,49.5,49.5,-0.151
0.10493,0.10493,0.00015568,1.5157,1,0.85,49.5,49.5,-0.15
0.10505,0.10505,0.00015465,1.5157,1,0.851,49.5,49.5,-0.149
0.10517,0.10517,0.00015361,1.5157,1,0.852,49.5,49.5,-0.148
0.10529,0.10529,0.00015257,1.5157,1,0.853,49.5,49.5,-0.147
0.10541,0.10541,0.00015153,1.5157,1,0.854,49.5,49.5,-0.146
0.10553,0.10553,0.0001505,1.5157,1,0.855,49.5,49.5,-0.145
0.10565,0.10565,0.00014946,1.5157,1,0.856,49.5,49.5,-0.144
0.10577,0.10577,0.00014842,1.5157,1,0.857,49.5,49.5,-0.143
0.10589,0.10589,0.00014738,1.5157,1,0.858,49.5,49.5,-0.142
0.10602,0.10602,0.00014634,1.5157,1,0.859,49.5,49.5,-0.141
0.10614,0.10614,0.00014531,1.5157,1,0.86,49.5,49.5,-0.14
0.10626,0.10626,0.00014427,1.5157,1,0.861,49.5,49.5,-0.139
0.10638,0.10638,0.00014323,1.5157,1,0.862,49.5,49.5,-0.138
0.1065,0.1065,0.00014219,1.5157,1,0.863,49.5,49.5,-0.137
0.10662,0.10662,0.00014115,1.5157,1,0.864,49.5,49.5,-0.136
0.10674,0.10674,0.00014012,1.5157,1,0.865,49.5,49.5,-0.135
0.10686,0.10686,0.00013908,1.5157,1,0.866,49.5,49.5,-0.134
0.10698,0.10698,0.00013804,1.5157,1,0.867,49.5,49.5,-0.133
0.10711,0.10711,0.000137,1.5157,1,0.868,49.5,49.5,-0.132
0.10723,0.10723,0.00013596,1.5157,1,0.869,49.5,49.5,-0.131
0.10735,0.10735,0.00013493,1.5157,1,0.87,49.5,49.5,-0.13
0.10747,0.10747,0.00013389,1.5157,1,0.871,49.5,49.5,-0.129
0.10759,0.10759,0.00013285,1.5157,1,0.872,49.5,49.5,-0.128
0.10771,0.10771,0.00013181,1.5157,1,0.873,49.5,49.5,-0.127
0.10783,0.10783,0.00013078,1.5157,1,0.874,49.5,49.5,-0.126
0.10795,0.10795,0.00012974,1.5157,1,0.875,49.5,49.5,-0.125
0.10807,0.10807,0.0001287,1.5157,1,0.876,49.5,49.5,-0.124
0.10819,0.10819,0.00012766,1.5157,1,0.877,49.5,49.5,-0.123
0.10832,0.10832,0.00012662,1.5157,1,0.878,49.5,49.5,-0.122
0.10844,0.10844,0.00012559,1.5157,1,0.879,49.5,49.5,-0.121
0.10856,0.10856,0.00012455,1.5157,1,0.88,49.5,49.5,-0.12
0.10868,0.10868,0.00012351,1.5157,1,0.881,49.5,49.5,-0.119
0.1088,0.1088,0.00012247,1.5157,1,0.882,49.5,49.5,-0.118
0.10892,0.10892,0.00012143,1.5157,1,0.883,49.5,49.5,-0.117
0.10904,0.10904,0.0001204,1.5157,1,0.884,49.5,49.5,-0.116
0.10916,0.10916,0.00011936,1.5157,1,0.885,49.5,49.5,-0.115
0.10928,0.10928,0.00011832,1.5157,1,0.886,49.5,49.5,-0.114
0.10941,0.10941,0.00011728,1.5157,1,0.887,49.5,49.5,-0.113
0.10953,0.10953,0.00011624,1.5157,1,0.888,49.5,49.5,-0.112
0.10965,0.10965,0.00011521,1.5157,1,0.889,49.5,49.5,-0.111
0.10977,0.10977,0.00011417,1.5157,1,0.89,49.5,49.5,-0.11
0.10989,0.10989,0.00011313,1.5157,1,0.891,49.5,49.5,-0.109
0.11001,0.11001,0.00011209,1.5157,1,0.892,49.5,49.5,-0.108
0.11013,0.11013,0.00011106,1.5157,1,0.893,49.5,49.5,-0.107
0.11025,0.11025,0.00011002,1.5157,1,0.894,49.5,49.5,-0.106
0.11037,0.11037,0.00010898,1.5157,1,0.895,49.5,49.5,-0.105
0.11049,0.11049,0.00010794,1.5157,1,0.896,49.5,49.5,-0.104
0.11062,0.11062,0.0001069,1.5157,1,0.897,49.5,49.5,-0.103
0.11074,0.11074,0.00010587,1.5157,1,0.898,49.5,49.5,-0.102
0.11086,0.11086,0.00010483,1.5157,1,0.899,49.5,49.5,-0.101
0.11098,0.11098,0.00010379,1.5157,1,0.9,49.5,49.5,-0.1
0.1111,0.1111,0.00010275,1.5157,1,0.901,49.5,49.5,-0.099
0.11122,0.11122,0.00010171,1.5157,1,0.902,49.5,49.5,-0.098
0.11134,0.11134,0.00010068,1.5157,1,0.903,49.5,49.5,-0.097
0.11146,0.11146,9.9638e-005,1.5157,1,0.904,49.5,49.5,-0.096
0.11158,0.11158,9.86e-005,1.5157,1,0.905,49.5,49.5,-0.095
0.11171,0.11171,9.7562e-005,1.5157,1,0.906,49.5,49.5,-0.094
0.11183,0.11183,9.6524e-005,1.5157,1,0.907,49.5,49.5,-0.093
0.11195,0.11195,9.5487e-005,1.5157,1,0.908,49.5,49.5,-0.092
0.11207,0.11207,9.4449e-005,1.5157,1,0.909,49.5,49.5,-0.091
0.11219,0.11219,9.3411e-005,1.5157,1,0.91,49.5,49.5,-0.09
0.11231,0.11231,9.2373e-005,1.5157,1,0.911,49.5,49.5,-0.089
0.11243,0.11243,9.1335e-005,1.5157,1,0.912,49.5,49.5,-0.088
0.11255,0.11255,9.0297e-005,1.5157,1,0.913,49.5,49.5,-0.087
0.11267,0.11267,8.9259e-005,1.5157,1,0.914,49.5,49.5,-0.086
0.11279,0.11279,8.8221e-005,1.5157,1,0.915,49.5,49.5,-0.085
0.11292,0.11292,8.7183e-005,1.5157,1,0.916,49.5,49.5,-0.084
0.11304,0.11304,8.6145e-005,1.5157,1,0.917,49.5,49.5,-0.083
0.11316,0.11316,8.5108e-005,1.5157,1,0.918,49.5,49.5,-0.082
0.11328,0.11328,8.407e-005,1.5157,1,0.919,49.5,49.5,-0.081
0.1134,0.1134,8.3032e-005,1.5157,1,0.92,49.5,49.5,-0.08
0.11352,0.11352,8.1994e-005,1.5157,1,0.921,49.5,49.5,-0.079
0.11364,0.11364,8.0956e-005,1.5157,1,0.922,49.5,49.5,-0.078
0.11376,0.11376,7.9918e-005,1.5157,1,0.923,49.5,49.5,-0.077
0.11388,0.11388,7.888e-005,1.5157,1,0.924,49.5,49.5,-0.076
0.11401,0.11401,7.7842e-005,1.5157,1,0.925,49.5,49.5,-0.075
0.11413,0.11413,7.6804e-005,1.5157,1,0.926,49.5,49.5,-0.074
0.11425,0.11425,7.5767e-005,1.5157,1,0.927,49.5,49.5,-0.073
0.11437,0.11437,7.4729e-005,1.5157,1,0.928,49.5,49.5,-0.072
0.11449,0.11449,7.3691e-005,1.5157,1,0.929,49.5,49.5,-0.071
0.11461,0.11461,7.2653e-005,1.5157,1,0.93,49.5,49.5,-0.07
0.11473,0.11473,7.1615e-005,1.5157,1,0.931,49.5,49.5,-0.069
0.11485,0.11485,7.0577e-005,1.5157,1,0.932,49.5,49.5,-0.068
0.11497,0.11497,6.9539e-005,1.5157,1,0.933,49.5,49.5,-0.067
0.11509,0.11509,6.8501e-005,1.5157,1,0.934,49.5,49.5,-0.066
0.11522,0.11522,6.7463e-005,1.5157,1,0.935,49.5,49.5,-0.065
0.11534,0.11534,6.6425e-005,1.5157,1,0.936,49.5,49.5,-0.064
0.11546,0.11546,6.5388e-005,1.5157,1,0.937,49.5,49.5,-0.063
0.11558,0.11558,6.435e-005,1.5157,1,0.938,49.5,49.5,-0.062
0.1157,0.1157,6.3312e-005,1.5157,1,0.939,49.5,49.5,-0.061
0.11582,0.11582,6.2274e-005,1.5157,1,0.94,49.5,49.5,-0.06
0.11594,0.11594,6.1236e-005,1.5157,1,0.941,49.5,49.5,-0.059
0.11606,0.11606,6.0198e-005,1.5157,1,0.942,49.5,49.5,-0.058
0.11618,0.11618,5.916e-005,1.5157,1,0.943,49.5,49.5,-0.057
0.11631,0.11631,5.8122e-005,1.5157,1,0.944,49.5,49.5,-0.056
0.11643,0.11643,5.7084e-005,1.5157,1,0.945,49.5,49.5,-0.055
0.11655,0.11655,5.6046e-005,1.5157,1,0.946,49.5,49.5,-0.054
0.11667,0.11667,5.5009e-005,1.5157,1,0.947,49.5,49.5,-0.053
0.11679,0.11679,5.3971e-005,1.5157,1,0.948,49.5,49.5,-0.052
0.11691,0.11691,5.2933e-005,1.5157,1,0.949,49.5,49.5,-0.051
0.11703,0.11703,5.1895e-005,1.5157,1,0.95,49.5,49.5,-0.05
0.11715,0.11715,5.0857e-005,1.5157,1,0.951,49.5,49.5,-0.049
0.11727,0.11727,4.9819e-005,1.5157,1,0.952,49.5,49.5,-0.048
0.11739,0.11739,4.8781e-005,1.5157,1,0.953,49.5,49.5,-0.047
0.11752,0.11752,4.7743e-005,1.5157,1,0.954,49.5,49.5,-0.046
0.11764,0.11764,4.6705e-005,1.5157,1,0.955,49.5,49.5,-0.045
0.11776,0.11776,4.5667e-005,1.5157,1,0.956,49.5,49.5,-0.044
0.11788,0.11788,4.463e-005,1.5157,1,0.957,49.5,49.5,-0.043
0.118,0.118,4.3592e-005,1.5157,1,0.958,49.5,49.5,-0.042
0.11812,0.11812,4.2554e-005,1.5157,1,0.959,49.5,49.5,-0.041
0.11824,0.11824,4.1516e-005,1.5157,1,0.96,49.5,49.5,-0.04
0.11836,0.11836,4.0478e-005,1.5157,1,0.961,49.5,49.5,-0.039
0.11848,0.11848,3.944e-005,1.5157,1,0.962,49.5,49.5,-0.038
0.11861,0.11861,3.8402e-005,1.5157,1,0.963,49.5,49.5,-0.037
0.11873,0.11873,3.7364e-005,1.5157,1,0.964,49.5,49.5,-0.036
0.11885,0.11885,3.6326e-005,1.5157,1,0.965,49.5,49.5,-0.035
0.11897,0.11897,3.5289e-005,1.5157,1,0.966,49.5,49.5,-0.034
0.11909,0.11909,3.4251e-005,1.5157,1,0.967,49.5,49.5,-0.033
0.11921,0.11921,3.3213e-005,1.5157,1,0.968,49.5,49.5,-0.032
0.11933,0.11933,3.2175e-005,1.5157,1,0.969,49.5,49.5,-0.031
0.11945,0.11945,3.1137e-005,1.5157,1,0.97,49.5,49.5,-0.03
0.11957,0.11957,3.0099e-005,1.5157,1,0.971,49.5,49.5,-0.029
0.11969,0.11969,2.9061e-005,1.5157,1,0.972,49.5,49.5,-0.028
0.11982,0.11982,2.8023e-005,1.5157,1,0.973,49.5,49.5,-0.027
0.11994,0.11994,2.6985e-005,1.5157,1,0.974,49.5,49.5,-0.026
0.12006,0.12006,2.5947e-005,1.5157,1,0.975,49.5,49.5,-0.025
0.12018,0.12018,2.491e-005,1.5157,1,0.976,49.5,49.5,-0.024
0.1203,0.1203,2.3872e-005,1.5157,1,0.977,49.5,49.5,-0.023
0.12042,0.12042,2.2834e-005,1.5157,1,0.978,49.5,49.5,-0.022
0.12054,0.12054,2.1796e-005,1.5157,1,0.979,49.5,49.5,-0.021
0.12066,0.12066,2.0758e-005,1.5157,1,0.98,49.5,49.5,-0.02
0.12078,0.12078,1.972e-005,1.5157,1,0.981,49.5,49.5,-0.019
0.12091,0.12091,1.8682e-005,1.5157,1,0.982,49.5,49.5,-0.018
0.12103,0.12103,1.7644e-005,1.5157,1,0.983,49.5,49.5,-0.017
0.12115,0.12115,1.6606e-005,1.5157,1,0.984,49.5,49.5,-0.016
0.12127,0.12127,1.5568e-005,1.5157,1,0.985,49.5,49.5,-0.015
0.12139,0.12139,1.4531e-005,1.5157,1,0.986,49.5,49.5,-0.014
0.12151,0.12151,1.3493e-005,1.5157,1,0.987,49.5,49.5,-0.013
0.12163,0.12163,1.2455e-005,1.5157,1,0.988,49.5,49.5,-0.012
0.12175,0.12175,1.1417e-005,1.5157,1,0.989,49.5,49.5,-0.011
0.12187,0.12187,1.0379e-005,1.5157,1,0.99,49.5,49.5,-0.01
0.12199,0.12199,9.3411e-006,1.5157,1,0.991,49.5,49.5,-0.009
0.12212,0.12212,8.3032e-006,1.5157,1,0.992,49.5,49.5,-0.008
0.12224,0.12224,7.2653e-006,1.5157,1,0.993,49.5,49.5,-0.007
0.12236,0.12236,6.2274e-006,1.5157,1,0.994,49.5,49.5,-0.006
0.12248,0.12248,5.1895e-006,1.5157,1,0.995,49.5,49.5,-0.005
0.1226,0.1226,4.1516e-006,1.5157,1,0.996,49.5,49.5,-0.004
0.12272,0.12272,3.1137e-006,1.5157,1,0.997,49.5,49.5,-0.003
0.12284,0.12284,2.0758e-006,1.5157,1,0.998,49.5,49.5,-0.002
0.12296,0.12296,1.0379e-006,1.5157,1,0.999,49.5,49.5,-0.001
0.12308,0.12308,0,1.5157,1,1,49.5,49.5,0
